,,,,,,,,,,,,,,,,
"//!","GNU/Linux distribution timeline data sheet",,,,,,,,,,,,,,,
"//!","Copyright (C) 2010-2012 Donjan Rodic, Andreas Lundqvist, Mohammed A. Mustafa",,,,,,,,,,,,,,,
"//!","Permission is granted to copy, distribute and/or modify this document",,,,,,,,,,,,,,,
"//!","under the terms of the GNU Free Documentation License, Version 1.3",,,,,,,,,,,,,,,
"//!","or any later version published by the Free Software Foundation;",,,,,,,,,,,,,,,
"//!","with no Invariant Sections, no Front-Cover Texts, and no Back-Cover Texts.",,,,,,,,,,,,,,,
"//!",,,,,,,,,,,,,,,,
"//!",,,,,,,,,,,,,,,,
"//","Open/save this file as a standard CSV  <=>  comma (,) separated and double quotes ("") as text delimiter.",,,,,,,,,,,,,,,
"//","You can safely insert commas or double quotes into data fields.",,,,,,,,,,,,,,,
"//","EXCEPTION: Don't insert a comma right after a double quote, since this terminates the field.",,,,,,,,,,,,,,,
"//","When editing with LibreOffice Calc, load the file with “quoted field as text” turned on to prevent autoformatting.",,,,,,,,,,,,,,,
"//",,,,,,,,,,,,,,,,
"//!","gnuclad parses this correctly no matter in what order the nodes are. You can swap any lines.",,,,,,,,,,,,,,,
"//!",,,,,,,,,,,,,,,,
"//!","Empty lines get ignored, the first column controls the rest of the line:",,,,,,,,,,,,,,,
"//!","# = comment, N = node, C = connector, D = domain",,,,,,,,,,,,,,,
"//!","SVG = SVG image to include, PNG = PNG image to include",,,,,,,,,,,,,,,
"//!",,,,,,,,,,,,,,,,
,,,,,,,,,,,,,,,,
"#","Nodes",,,,,,,,,,,,,,,
"#","Name","Color","Parent","Start","Stop","Icon","Description","[Namechange","When","Description","[Namechange","When","Description",". . . ]]",,
"N","Debian","#bf1238",,"1993.8.16",,"images/debian.svg","http://www.debian.org",,,,,,,,,
"N","Libranet","#0169c9","Debian","1999.11.9","2005.4.25",,"http://en.wikipedia.org/wiki/Libranet",,,,,,,,,
"N","Corel","#ecba5b","Debian","1999.9","2008.8.2",,"http://en.wikipedia.org/wiki/Corel_Linux","Xandros","2001.8.29","http://www.xandros.com/",,,,,,
"N","Storm","#2a2a98","Debian","1999.12","2001.4",,"http://www.stormlinux.com/",,,,,,,,,
"N","Omoikane (Arma)","#bfd0d6","Debian","2000.2",,,"http://www.omoikane.co.jp/",,,,,,,,,
"N","Knoppix","#c7bff0","Debian","2000.9.30",,,"http://www.knoppix.net/",,,,,,,,,
"N","Kurumin","#42328e","Knoppix","2003.2.18","2009.1.29",,"http://www.gdhpress.com.br/kurumin/",,,,,,,,,
"N","Dizinha","#88bff7","Kurumin","2004.1.4","2008",,"http://dizinha.codigolivre.org.br/",,,,,,,,,
"N","NeoDizinha","#b6dbf6","Dizinha","2006.5",,,"http://neodizinha.web44.net/","Patinho Faminto","2006.8","http://neodizinha.web44.net/",,,,,,
"N","Kalango","#a0a067","Kurumin","2004.2.1","2006.11.7",,"http://pt.wikipedia.org/wiki/Kalango_Linux",,,,,,,,,
"N","Poseidon","#42328e","Kurumin","2005.3.10",,,"http://www.poseidonlinux.org/",,,,,,,,,
"N","Quantian","#3366dd","Knoppix","2003.3.6","2006.3.1",,"http://dirk.eddelbuettel.com/quantian.html",,,,,,,,,
"N","Damn Small Linux","#cb9340","Knoppix","2003.6",,,"http://www.damnsmalllinux.org/",,,,,,,,,
"N","Hikarunix","#e48535","Damn Small Linux","2004.9.17","2005.9.21",,"http://www.assembla.com/wiki/show/Hikarunix",,,,,,,,,
"N","DSL-N","#000","Damn Small Linux","2006.5.8","2006.8.24",,"http://www.damnsmalllinux.org/dsl-n/",,,,,,,,,
"N","Damn Vulnerable Linux","#ef0101","Damn Small Linux","2006.11","2010.12",,"http://www.damnvulnerablelinux.org/",,,,,,,,,
"N","Morphix","#8b8b8b","Knoppix","2003.3.19","2010.3.29",,"http://www.morphix.org/",,,,,,,,,
"N","Hiwix","#376e08","Morphix","2004.2.28",,,"http://www.linuxsir.org/bbs/showthread.php?t=92689","Hiweed","2004.3.3","http://zh.wikipedia.org/zh-tw/Linux_Deepin","Deepin","2009.12","http://linux.deepin.org/",,,
"N","Aquamorph","#38587c","Morphix","2004.5",,,"http://aquariusoft.org/page/linux/aquamorph/",,,,,,,,,
"N","ZoneCD","#020202","Morphix","2004.6","2005.11.16",,"http://www.publicip.net/",,,,,,,,,
"N","Dreamlinux","#009c9c","Morphix","2006.2.12","2012.9",,"http://www.dreamlinux.info/",,,,,,,,,
"N","Danix","#3b679f","Knoppix","2003.11.5",,,"http://www.danix.cz/",,,,,,,,,
"N","Shabdix","#f64f67","Knoppix","2003.12.26","2004.9",,"http://shabdix.berlios.de/",,,,,,,,,
"N","INSERT","#003399","Knoppix","2003.8.1","2007.2.27",,"http://www.inside-security.de/insert_en.html",,,,,,,,,
"N","KnoppMyth","#92bac4","Knoppix","2003.8.8","2009.1.28",,"http://mysettopbox.tv/knoppmyth.html",,,,,,,,,
"N","Medialinux","#778888","Knoppix","2003.11",,,"http://www.linuxfordevices.com/c/a/News/Introducing-MediaLinux-a-new-realtime-Linux-approach/","Mediainlinux","2004.7","http://distrowatch.com/table.php?distribution=artistx","ArtistX","2006.11","www.artistx.org/",,,
"N","Kanotix","#c8b582","Knoppix","2003.12.24",,,"http://www.kanotix.com/",,,,,,,,,
"N","Auditor Security Linux","#5c7152","Kanotix","2004.5.20",,,"http://en.wikipedia.org/wiki/Auditor_Security_Collection","Backtrack","2006.5.26","http://www.backtrack-linux.org/",,,,,,
"N","Parsix","#e48535","Kanotix","2005.1.25",,,"http://www.parsix.org/html/index.php",,,,,,,,,
"N","Feather","#828282","Knoppix","2003.12","2005.7.4",,"http://featherlinux.berlios.de/",,,,,,,,,
"N","Bioknoppix","#5e4ab0","Knoppix","2004.2.20","2004.8.13",,"http://bioknoppix.hpcf.upr.edu/",,,,,,,,,
"N","Joatha","#e55522","Knoppix","2004.4",,,"http://code.google.com/p/joatha/",,,,,,,,,
"N","MAX","#477dbe","Knoppix","2004.5.27",,,"http://www.educa2.madrid.org/web/max",,,,,,,,,
"N","B2D","#99ccff","Knoppix","2004.6","2010.5.16",,"http://b2d-linux.com/",,"INFO:","http://ftp.at.linuxfromscratch.org/.vhost/distrowatch.com/weekly.php?issue=20041011",,,,,,
"N","Kaella","#be2800","Knoppix","2004.7",,,"http://www.kaella.org/",,,,,,,,,
"N","Whoppix","#445fff","Knoppix","2004.8","2006.2.5",,"http://swik.net/WHoppix","WHAX","2005.7.3","http://distrowatch.com/table.php?distribution=whoppix",,,,,,
"N","Symphony OS","#d41316","Knoppix","2005.5.12",,,"http://symphonyos.com/",,,,,,,,,
"N","ParallelKnoppix","#a0553c","Knoppix","2005.4.25","2008.3.1",,"http://pareto.uab.es/mcreel/ParallelKnoppix/",,,,,,,,,
"N","Musix","#000064","Knoppix","2005.9.12",,,"http://www.musix.org.ar/en/index.html",,,,,,,,,
"N","Gibraltar","#f00","Debian","2000.7.31",,,"http://www.gibraltar.at/",,,,,,,,,
"N","LEAF","#00b4d7","Debian","2000.10.29",,,"http://leaf.sourceforge.net/",,,,,,,,,
"N","Progeny","#121356","Debian","2001.4.9","2007.4.30",,"http://en.wikipedia.org/wiki/Progeny_Linux_Systems",,,,,,,,,
"N","Skolelinux","#e0b1b7","Debian","2001.7.2",,,"http://www.slx.no/",,,,,,,,,
"N","DeMuDi","#be41e3","Debian","2001.7.19","2006",,"http://wiki.debian.org/DebianMultimedia",,,,,,,,,
"N","64Studio","#ABBEE4","DeMuDi","2005.4",,,"http://www.64studio.com",,,,,,,,,
"N","Lindows","#3b806e","Debian","2001.8","2008.8.2",,"http://en.wikipedia.org/wiki/Lindows","Linspire","2004.0.0","http://www.linspire.com/",,,,,,
"N","Freespire","#007197","Lindows","2006.4.24","2008.10.19",,"http://www.freespire.org/",,,,,,,,,
"N","gnuLiNex","#30632a","Debian","2002.6.9","2011.12.31",,"http://www.gnulinex.org/",,,,,,,,,
"N","Lihuen","#b3c4ac","gnuLiNex","2005.9.1",,,"http://lihuen.info.unlp.edu.ar/",,,,,,,,,
"N","Rxart","#666666","Debian","2002.12",,,"http://www.pixartargentina.com.ar/",,,,,,,,,
"N","BlackRhino","#000","Debian","2003.3.4","2007.5",,"http://web.archive.org/web/20080228074951/http://blackrhino.xrhino.com/main.php?page=news",,,,,,,,,
"N","miniwoody","#12ad12","Debian","2003.3.15","2004.1.14",,"http://www.pro-linux.de/news/1/5322/miniwoody-10.html","Bonzai","2003.5.20","http://distrowatch.com/table.php?distribution=bonzai",,,,,,
"N","MEPIS","#8598c0","Debian","2003.5",,,"https://www.mepis.org/","SimplyMEPIS","2004.9.7","https://www.mepis.org/",,,,,,
"N","antiX","#443300","MEPIS","2007.8.22",,,"http://antix.mepis.com/",,,,,,,,,
"N","Swift","#00ae01","antiX","2010.11.15",,,"http://www.swiftlinux.org/",,,,,,,,,
"N","ASLinux","#e3763f","Debian","2003.10.1",,,"http://www.activasistemas.com/index.php?id=7",,,,,,,,,
"N","Impi","#050505","Debian","2003.11.1","2006.1",,"http://en.wikipedia.org/wiki/Impi_Linux",,,,,,,,,
"N","Xebian","#dfdfdf","Debian","2003.12.17","2005.6.28",,"http://web.archive.org/web/20031230131115/http://www.xbox-linux.org/",,,,,,,,,
"N","Bluewall","#4bb8c9","Debian","2004.1.6","2006.2.5",,"http://distrowatch.com/table.php?distribution=bluewall",,,,,,,,,
"N","Amber","#ff9900","Debian","2004.2","2006.4",,"http://distrowatch.com/table.php?distribution=amber",,,,,,,,,
"N","K-DEMar","#416db7","Debian","2004.2.14",,,"http://distrowatch.com/table.php?distribution=kdemar","kademar","2009.6.6","http://www.kademar.org/",,,,,,
"N","Guadalinex","#369036","Debian","2004.2.24",,,"http://www.guadalinex.org/",,,,,,,,,
"N","Euronode","#ff2222","Debian","2004.3.13","2006.1.10",,"http://euronode.org/",,"INFO:","http://web.archive.org/web/20071001144149/http://euronode.org/",,,,,,
"N","DRBL","#333","Debian","2004.4.1",,,"http://drbl.org/",,,,,,,,,
"N","DeadCD","#9bb657","Debian","2004.4","2006.6",,"http://distrowatch.com/table.php?distribution=olive","Olive","2006.5","http://distrowatch.com/table.php?distribution=olive",,,,,,
"N","Clonezilla Live","#f79f5d","Debian","2004.5",,,"http://clonezilla.org/",,,,,,,,,
"N","Underground Desktop","#cc3344","Debian","2004.6","2006.10.14",,"http://distrowatch.com/table.php?distribution=underground",,,,,,,,,
"N","grml","#e7c71c","Debian","2004.8.31",,,"http://grml.org/",,,,,,,,,
"N","UserLinux","#ddbb66","Debian","2004.9","2005.5",,"http://en.wikipedia.org/wiki/UserLinux",,,,,,,,,
"N","Ubuntu","#675a3b","Debian","2004.10.20",,,"http://www.ubuntu.com/",,,,,,,,,
"N","Kubuntu","#4f5695","Ubuntu","2005.4.8",,,"http://www.kubuntu.org/",,,,,,,,,
"N","Bardinux","#832c6a","Kubuntu","2006.7.7",,,"http://bardinux.ull.es/",,,,,,,,,
"N","Ulteo","#4fb75e","Kubuntu","2006.12.7",,,"http://www.ulteo.com/",,,,,,,,,
"N","DEFT","#555555","Kubuntu","2007.1",,,"http://www.deftlinux.net/",,,,,,,,,
"N","Polippix","#66aacc","Kubuntu","2007.3.20",,,"http://polippix.org/",,,,,,,,,
"N","Asturix","#55cc00","Kubuntu","2009.2.5",,,"http://asturix.com/",,,,,,,,,
"N","Edubuntu","#a12726","Ubuntu","2005.10.13",,,"http://edubuntu.org/",,,,,,,,,
"N","Arabian","#225571","Ubuntu","2005.3","2009.7",,"http://arabian-linux.sourceforge.net/",,,,,,,,,
"N","nUbuntu","#702b2e","Ubuntu","2005.12.18","2010.4.4 ",,"http://www.nubuntu.org/",,,,,,,,,
"N","Xubuntu","#53525f","Ubuntu","2006.6.1",,,"http://www.xubuntu.org/",,,,,,,,,
"// N","Mystras OS","#DD4B39","Xubuntu","2012.2.8",,,"http://mystras.cloudfactory.eu/",,,,,,,,,
"// N","Xinutop",,"Xubuntu","2012.5.2",,,"http://marinux.pk973.org/",,,,,,,,,
"N","Christian Edition","#761f0c","Ubuntu","2006.7.23",,,"http://ubuntuce.com/",,,,,,,,,
"N","PUD","#5c7684","Ubuntu","2006.8",,,"http://xpud.org/","xPUD","2008.6.1","http://xpud.org/",,,,,,
"N","Mint","#5fec52","Ubuntu","2006.8.27",,,"http://www.linuxmint.com/",,,,,,,,,
"N","quantOS","#1b1b1b","Mint","2011.6.15","2012.2.28",,"http://www.quantsec.com/",,,,,,,,,
"N","Commodore OS","#66aaff","Mint","2011.11.11",,,"http://www.commodoreusa.net/",,,,,,,,,
"N","gNewSense","#c1b384","Ubuntu","2006.11.2",,,"http://www.gnewsense.org/",,,,,,,,,
"N","Satanic Edition","#f00","Ubuntu","2006.12.13",,,"http://ubuntusatanic.org/",,,,,,,,,
"N","Muslim Edition","#57793d","Ubuntu","2007.1.14",,,"http://distrowatch.com/table.php?distribution=sabily","Sabily","2009.5.12","http://www.sabily.org/",,,,,,
"N","Uberyl","#0066bb","Ubuntu","2007.1.16",,,"http://pollolinux.blogia.com/","ComFusion","2007.7.31","http://www.comfusion.es/",,,,,,
"N","Madbox","#666666","Ubuntu","2007.3.17",,,"http://madbox.tuxfamily.org/",,,,,,,,,
"N","Ubuntu Studio","#0099ee","Ubuntu","2007.5.10",,,"http://ubuntustudio.org/",,,,,,,,,
"N","Kiwi","#f4b75e","Ubuntu","2007.10.1",,,"http://www.kiwilinux.org/",,,,,,,,,
"N","Geubuntu","#ee8354","Ubuntu","2007.9.13",,,"http://opengeu.intilinux.com/","OpenGEU","2008.1.13","http://opengeu.intilinux.com/",,,,,,
"N","Greenie","#829b1a","Ubuntu","2007.9.14",,,"http://greenie.datagen.sk/",,,,,,,,,
"N","Ubuntulite","#60b3ff","Ubuntu","2007.9",,,"http://u-lite.org/","U-lite","2008.11.6","http://u-lite.org/",,,,,,
"N","Fluxbuntu","#53ff5f","Ubuntu","2007.10",,,"http://www.fluxbuntu.org/",,,,,,,,,
"N","Mythbuntu","#000","Ubuntu","2007.6.4",,,"http://www.mythbuntu.org/",,,,,,,,,
"N","Moblin","#3366bb","Ubuntu","2007.7","2008.8",,"http://moblin.org/",,,,,,,,,
"N","gOS","#60b384","Ubuntu","2007.11.1","2009.1.3",,"http://www.thinkgos.com/",,,,,,,,,
"N","Eeebuntu","#669ad0","Ubuntu","2007.12",,,"http://eeebuntu.org/","Aurora OS","2010.6","http://auroraos.org/",,,,,,
"N","CrunchBang","#000","Ubuntu","2008.1.22",,,"http://crunchbanglinux.org/",,,,,,,,,
"N","Zebuntu","#c8ff00","Ubuntu","2008.2.15",,,"http://www.zevenos.com/","ZevenOS","2008.12.19","http://www.zevenos.com/",,,,,,
"N","Ubuntu Rescue Remix","#ddaa11","Ubuntu","2008.3.6",,,"http://ubuntu-rescue-remix.org/",,,,,,,,,
"N","Ultimate Edition","#999999","Ubuntu","2008.5",,,"http://ultimateedition.info",,,,,,,,,
"N","Ubuntu eee","#c8ff84","Ubuntu","2008.6.9",,,"http://www.geteasypeasy.com/","Easy Peasy","2009.1.5","http://www.geteasypeasy.com/",,,,,,
"N","Leeenux","#2e5f5a","Ubuntu eee","2009.10.17",,,"http://www.leeenux-linux.com/",,,,,,,,,
"N","Maryan","#515151","Ubuntu","2008.8.1",,,"http://www.maryanlinux.com/",,,,,,,,,
"N","MoonOS","#4CC334","Ubuntu","2008.8.1",,,"http://www.moonos.org/",,,,,,,,,
"N","Zorin OS","#055AA0","Ubuntu","2008.10",,,"http://zorin-os.webs.com/",,,,,,,,,
"// N","INX","#d8ac08","Ubuntu","2008.10.5",,,"http://inx.maincontent.net/",,,,,,,,,
"N","eBox","#f49d00","Ubuntu","2008.10.18",,,"http://ebox-platform.com/","Zentyal","2010.9.1","http://www.zentyal.com/",,,,,,
"N","CAINE","#f3a424","Ubuntu","2008.10.25",,,"http://www.caine-live.net/",,,,,,,,,
"N","Newtoos","#2b4083","Ubuntu","2008.11.13",,,"http://newtoos.greenie.sk/",,,,,,,,,
"N","XBMC Live","#4c4c4c","Ubuntu","2008.11.15",,,"http://xbmc.org/",,,,,,,,,
"N","Vibuntu","#bbbbbb","Ubuntu","2008.12.6 ",,,"http://blinuxman.net/projects/oldvinux.php","VINUX","2008.12.12","http://vinuxproject.org/",,,,,,
"N","A/V","#334466","Ubuntu","2009.2",,,"http://www.bandshed.net/AVLinux.html","AV","2009.5.8","http://ardour.org/node/2669",,,,,,
"N","Qimo","#1070c0","Ubuntu","2009.2.18",,,"http://www.qimo4kids.com/",,,,,,,,,
"N","Monomaxos","#002299","Ubuntu","2009.3",,,"http://monomaxos.com/",,,,,,,,,
"N","Lubuntu","#0169c9","Ubuntu","2009.4.13",,,"http://lubuntu.net/",,,,,,,,,
"N","Peppermint OS","#ae000e","Lubuntu","2010.4.22",,,"http://peppermintos.com/",,,,,,,,,
"N","wattOS","#68b03e","Ubuntu","2009.6.29",,,"http://www.planetwatt.com/",,,,,,,,,
"N","Chromium OS","#224488","Ubuntu","2009.7.1",,,"http://dev.chromium.org/chromium-os",,,,,,,,,
"N","Zenix OS","#ff8c00","Ubuntu","2009.11.9",,,"http://ubuntuforums.org/showthread.php?t=1320899",,,,,,,,,
"N","Ylmf","#228c2a","Ubuntu","2009.12.26",,,"http://www.ylmf.org/","StartOS","2012.3.27","http://www.startos.org/",,"NOTE:","From 4.0 not based on Ubuntu anymore (independent)",,,
"N","Element","#006600","Ubuntu","2010.2.17",,,"http://www.elementmypc.com/main/index.php",,,,,,,,,
"N","Netrunner","#5997de","Ubuntu","2010.3.31",,,"http://www.netrunner-os.com/",,,,,,,,,
"N","GnackTrack","#d73838","Ubuntu","2010.4.19",,,"http://www.gnacktrack.co.uk/",,,,,,,,,
"N","Dax OS","#55ccaa","Ubuntu","2010.5.1",,,"http://www.daxos.linuxerz.org/",,,,,,,,,
"N","Jolicloud","#37b9e3","Ubuntu","2010.7.9",,,"http://www.jolicloud.com/",,,,,,,,,
"N","AriOS","#6282A9","Ubuntu","2010.8.11",,,"http://arioslinux.org/",,,,,,,,,
"N","SecUntu","#aac8e0","Ubuntu","2010.9.1",,,"http://linux.philosweb.com/secuntu/",,,,,,,,,
"N","Tango Studio","#729fcf","Ubuntu","2010.9.6",,,"http://tangostudio.tuxfamily.org",,,,,,,,,
"N","BackBox","#2e2e2e","Ubuntu","2010.9.9",,,"http://www.backbox.org/",,,,,,,,,
"N","Dream Studio","#636","Ubuntu","2010.9.11",,,"http://dream.dickmacinnis.com/",,,,,,,,,
"N","Pinguy OS","#05a7fb","Ubuntu","2010.9.20",,,"http://pinguy-os.sourceforge.net/",,,,,,,,,
"// N","NodeZero","#121315","Ubuntu","2010.10.6",,,"http://netinfinity.org/",,,,,,,,,
"N","Bodhi","#5b860a","Ubuntu","2010.11.17",,,"http://bodhilinux.com/",,,,,,,,,
"// N","Blackbuntu","#000","Ubuntu","2010.12.23",,,"http://www.blackbuntu.com/",,,,,,,,,
"N","P@xtreme","#bb4433","Ubuntu","2011.1.8",,,"http://pxtreme.hu/",,,,,,,,,
"// N","iQunix OS","#8866ee","Ubuntu","2011.3.15",,,"http://iqunix.blogspot.ch/",,,,,,,,,
"N","Elementary OS","#999999","Ubuntu","2011.3.31",,,"http://elementaryos.org/",,,,,,,,,
"// N","icefeast","#0053bf","Ubuntu","2011.4.21",,,"http://icefeast.tk/",,,,,,,,,
"// N","Sn0wL1nuX","#88aaaa","Ubuntu","2011.5.1",,,"http://sourceforge.net/projects/sn0wl1nux/files/11/","LuninuX OS","2011.11.9","http://luninuxos.com/",,,,,,
"// N","Bigtux","#219cc5","Ubuntu","2011.6.9",,,"http://bigtux.at.ua/",,,,,,,,,
"// N","Jeoss","#595959","Ubuntu","2011.6.18",,,"http://www.vercot.com/~jeoss/",,,,,,,,,
"// N","Redo","#345278","Ubuntu","2011.7.1",,,"http://redobackup.org/",,,,,,,,,
"N","Pear OS","#777777","Ubuntu","2011.8.15",,,"http://www.pear-os-linux.fr/",,,,,,,,,
"// N","Freezy",,"Ubuntu","2011.11.3",,,"http://freezylinux.altervista.org/",,"INFO:","http://ubuntuforums.org/showthread.php?t=1874552",,,,,,
"N","Descent|OS","#0066FF","Ubuntu","2011.12.13",,,"http://www.descentos.org/",,,,,,,,,
"// N","Arduloko OS","#155c06","Ubuntu","2012.2.21",,,"http://arduloko.wordpress.com/",,,,,,,,,
"N","TorBOX","#000","Ubuntu","2012.2.29",,,"https://github.com/adrelanos/Whonix","Whonix","2012.9","https://github.com/adrelanos/Whonix",,,,,,
"// N","Hybride","#9944ff","Ubuntu","2012.5.5",,,"http://www.hybryde.org/",,,,,,,,,
"N","Mandragora","#000","Ubuntu","2012.5.17",,,"http://sourceforge.net/p/mandragoralinux/wiki/Home/",,,,,,,,,
"// N","jfLinux","#b0b366","Ubuntu","2012.5.21",,,"http://www.jflinux.org/",,,,,,,,,
"// N","MLIPenguin-OS",,"Ubuntu","2012.6.3",,,"http://sourceforge.net/projects/mlipenguinos/",,,,,,,,,
"N","Airinux","#b3ca88","Ubuntu","2012.6.28",,,"http://airinux.blogspot.ch/",,,,,,,,,
"N","Santoku","#222222","Ubuntu","2012.7.25",,,"https://santoku-linux.com/",,,,,,,,,
"N","Vulnix","#000","Ubuntu","2012.9.10",,,"http://www.rebootuser.com/?cat=365",,,,,,,,,
"N","BeatriX","#c7bff0","Debian","2004.11.24","2005.1.29",,"http://en.wikipedia.org/wiki/BeatrIX",,,,,,,,,
"N","Arco-Debian","#555555","Debian","2004.12.1",,,"http://www2.cddc.vt.edu/pub/linux/distributions/arco-debian/","Arc-Live","2008.11.25","http://arcosvn.sourceforge.net/",,,,,,
"N","MoLinux","#ad1d5a","Debian","2004.12.15",,,"http://www.molinux.info/",,,,,,,,,
"N","Tirwal","#e20a16","MoLinux","2005.2","2006",,"http://tirwal.terueldigital.es/",,,,,,,,,
"N","BlankOn","#0c7a00","Debian","2005.2.1",,,"http://www.blankonlinux.or.id/",,,,,,,,,
"N","Voyage","#005a8c","Debian","2005.2.14",,,"http://linux.voyage.hk/",,,,,,,,,
"N","Trisquel","#5fc8ff","Debian","2005.4",,,"http://trisquel.info/",,,,,,,,,
"N","LliureX","#369","Debian","2005.6.5",,,"http://lliurex.net/",,,,,,,,,
"N","VENENUX","#1841bd","Debian","2005.6.6",,,"http://venenux.org/",,,,,,,,,
"N","Elive","#ebe25f","Debian","2005.7.22",,,"http://www.elivecd.org/",,,,,,,,,
"N","Tuquito","#96dec8","Debian","2005.9",,,"http://www.tuquito.org.ar/",,,,,,,,,
"N","OS2005","#fa8700","Debian","2005.11",,,"http://maemo.org/","Maemo","2009.11","http://maemo.org/","Meego Harmattan","2011.6.21","http://maemo.org/",,,
"N","ThinClientOS","#bb1111","Debian","2005.11.10",,,"http://www.2x.com/",,,,,,,,,
"N","NepaLinux","#a02727","Debian","2005.12.22",,,"http://www.nepalinux.org/",,,,,,,,,
"N","Resulinux","#ff6600","Debian","2005.1.25",,,"http://www.resulinux.net/",,,,,,,,,
"N","Epidemic","#4da20f","Debian","2006.2.16",,,"http://www.epidemiclinux.org/",,,,,,,,,
"N","Vyatta","#ff9933","Debian","2006.3",,,"http://www.vyatta.org/",,,,,,,,,
"N","Librassoc","#9999aa","Debian","2006.3.23","2008.1.18",,"http://www.librassoc.be/",,,,,,,,,
"N","PureOS","#2337ff","Debian","2006.8.5",,,"http://pureos.org/",,,,,,,,,
"N","sidux","#7e7e86","Debian","2006.11.24",,,"http://www.sidux.com/","aptosid","2010.9.11","http://www.sidux.com/",,,,,,
"N","siduction","#535d6c","sidux","2011.12.21",,,"http://siduction.org/",,,,,,,,,
"N","BOSS","#4848d2","Debian","2007.1.10",,,"http://bosslinux.in/",,,,,,,,,
"N","Webconverger","#ffff00","Debian","2007.4.6",,,"http://webconverger.com/",,,,,,,,,
"N","PelicanHPC","#a0553c","Debian","2008.3.1",,,"http://idea.uab.es/mcreel/ParallelKnoppix/",,,,,,,,,
"N","GALPon MiniNo","#a9290a","Debian","2008.4",,,"http://minino.galpon.org/",,,,,,,,,
"N","Proxmox","#e36f1e","Debian","2008.4.15",,,"http://www.proxmox.com/",,,,,,,,,
"N","Estrella Roja","#f00","Debian","2008.6.11",,,"http://www.estrellaroja.info/",,,,,,,,,
"N","Inquisitor","#cc0000","Debian","2008.7.20",,,"http://www.inquisitor.ru/",,,,,,,,,
"N","Metamorphose","#5b7df7","Debian","2008.12",,,"http://www.metamorphoselinux.net/",,,,,,,,,
"N","Nova","#3d778a","Debian","2009.2.12",,,"http://www.nova.cu/",,,,,,,,,
"N","Canaima","#452f27","Debian","2009.6.5",,,"http://canaima.softwarelibre.gob.ve/",,,,,,,,,
"N","Tails","#6e2daf","Debian","2009.6.23",,,"https://tails.boum.org/",,,,,,,,,
"N","Matriux","#dd2222","Debian","2009.11.27",,,"http://www.matriux.com/",,,,,,,,,
"N","Semplice","#290c6a","Debian","2009.12.6",,,"http://semplice-linux.sourceforge.net/",,,,,,,,,
"#N","Sword OS","#70BEA3","Debian","2010.3","2010.6.25",,"http://swordos.wordpress.com/",,,,,,,,,
"N","DoudouLinux","#524592","Debian","2010.6",,,"http://doudoulinux.org/",,,,,,,,,
"N","Linux Mint Debian","#5fec52","Debian","2010.9.7",,,"http://linuxmint.com/",,,,,,,,,
"N","Progress","#2455a4","Debian","2010.11.23",,,"http://www.progress-linux.org/",,,,,,,,,
"N","GNUGuitarINUX","#898989","Debian","2010.12.31",,,"http://gnuguitarinux.sourceforge.net/",,,,,,,,,
"N","SalineOS","#485588","Debian","2011.1.17",,,"http://www.salineos.com/",,,,,,,,,
"N","Conducit","#115098","Debian","2011.1.19",,,"http://conducit.de/",,,,,,,,,
"N","Liquid Lemur","#457430","Debian","2011.2.2",,,"http://liquidlemur.org/",,,,,,,,,
"N","Red Ribbon","#000","Debian","2011.6.13",,,"http://redribbon.t15.org/",,,,,,,,,
"N","Snowlinux","#095197","Debian","2011.7.17",,,"http://www.snowlinux.de/",,,,,,,,,
"N","OpenMediaVault","#75777a","Debian","2011.10.17",,,"http://www.openmediavault.org/",,,,,,,,,
"// N","SolusOS","#2244cc","Debian","2012.2.22",,,"http://solusos.com/",,,,,,,,,
"N","srvRX live","#888","Debian","2012.3.10",,,"http://sourceforge.net/projects/srvrx/",,,,,,,,,
"// N","AtlasX","#447788","Debian","2012.4.1",,,"http://www.atlasx.org/",,,,,,,,,
"N","Xamin","#448bb8","Debian","2012.5.14",,,"http://xamin.ir/",,,,,,,,,
"// N","YunoHost","#111111","Debian","2012.5.31",,,"http://yunohost.org/",,,,,,,,,
"// N","Cultix","#003355","Debian","2012.6.27",,,"http://cultix.cu.cc/",,,,,,,,,
"// N","SprezzOS","#8070d8","Debian","2012.7.1",,,"http://www.sprezzatech.com/sprezzos.html",,,,,,,,,
,,,,,,,,,,,,,,,,
"#N","Android","#a4c639",,"2007.11.5",,,"http://www.android.com/",,,,,,,,,
"#N","Ophone","#77f7ff","Android","2009.8",,,"http://en.ophonesdn.com/",,,,,,,,,
"N","webOS","#3ea3bd",,"2009.6.6",,,"https://developer.palm.com/",,,,,,,,,
,,,,,,,,,,,,,,,,
"N","Trans-Ameritech","#ff1600",,"1995.3","1997.1",,"http://oss.sgi.com/LDP/HOWTO/CD-Distributions-EN-HOWTO/iii-others.html",,,,,,,,,
"N","Monkey","#8b3706",,"1996.10","1997.5.8",,"http://projectdevolve.tripod.com/",,,,,,,,,
"N","Mini","#55b7f4",,"1995.2","1995.10",,"http://en.wikipedia.org/wiki/Mini_Linux",,,,,,,,,
"N","Bogus","#8ecab5",,"1994.1","1994.10",,"http://www.cs.unc.edu/~faith/bogus.html",,,,,,,,,
"N","Linux Universe","#000",,"1995.10","1998.10",,"http://www.linuxjournal.com/article/85",,,,,,,,,
"N","Yggdrasil","#668f53",,"1992.12.8","1995.5",,"http://en.wikipedia.org/wiki/Yggdrasil_Linux/GNU/X",,,,,,,,,
"N","DILINUX","#ff5f00",,"1996.4","1998.2",,"http://web.archive.org/web/20101022041012/http://www.randomfactory.com/lfa/doslinux.html","DOSLINUX","1997.10","http://web.archive.org/web/20101022041012/http://www.randomfactory.com/lfa/doslinux.html",,,,,,
"N","TAMU","#3a34bc",,"1992.5","1994.10",,"http://www.oldlinux.org/Linux.old/distributions/TAMU/",,,,,,,,,
"N","Craftworks","#ff6cc4",,"1996","1998.4",,"http://web.archive.org/web/19961219055251/http://craftwork.com/",,,,,,,,,
"N","MCC Interim","#696a48",,"1992.2","1996.4.23",,"http://linux.about.com/cs/linux101/g/mccinterimlinux.htm",,,,,,,,,
"N","Xdenu","#613980",,"1995","1996.5",,"http://esca.atomki.hu/paradise/dos/xdenu-en.html",,,,,,,,,
,,,,,,,,,,,,,,,,
"N","SmoothWall GPL","#d06bd0",,"2000.8.30",,,"http://www.roseindia.net/linux/firewall/smoothwall-gpl.shtml","SmoothWall Express","2003.11.0","http://www.smoothwall.org/",,,,,,
"N","IPCop","#8065ce","SmoothWall GPL","2002.1.5",,,"http://www.ipcop.org/",,,,,,,,,
"N","IPFire","#66000f","IPCop","2005.8",,,"http://www.ipfire.org/",,,,,,,,,
"N","Openwall","#000",,"2001.5.15",,,"http://www.openwall.com/Owl/",,,,,,,,,
"N","OpenWRT","#557788",,"2001.6.1",,,"http://www.openwrt.org/",,,,,,,,,
"N","Tinfoil Hat","#000",,"2002.2","2003",,"http://tinfoilhat.shmoo.com/",,,,,,,,,
"N","Midori","#75e184",,"2001.3.13","2003.10",,"http://web.archive.org/web/20010322042120/http://midori.transmeta.com/",,,,,,,,,
"N","Devil","#de2323",,"2003.10.20",,,"http://www.devil-linux.org/",,,,,,,,,
"N","Tiny Core","#4f5f82",,"2009.1.5",,,"http://www.tinycorelinux.com/",,,,,,,,,
"N","Puppy","#dec374",,"2003.6",,,"http://puppylinux.org/",,,,,,,,,
"N","TEENpup","#227","Puppy","2007.3.2",,,"http://pupweb.org/wikka/TeenPup","Legacy OS","2010.9.3","http://pupweb.org/wikka/TeenPup",,,,,,
"N","Macpup","#538cc3","Puppy","2008.6.13",,,"http://macpup.org/",,,,,,,,,
"N","Sage Live CD","#7777ff","Puppy","2010.11.23",,,"http://boxen.math.washington.edu/home/emil/doc/html/en/",,,,,,,,,
"// N","Saluki","#ff9900","Puppy","2011.11.21",,,"http://saluki-linux.com/",,"INFO:","http://www.murga-linux.com/puppy/viewtopic.php?t=73687&sid=b82068abc9abafd2c283590c6a90a5b6",,,,,,
"N","Quirky","#000",,"2010.5.5",,,"http://bkhome.org/quirky/",,,,,,,,,
,,,,,,,,,,,,,,,,
"N","Mamona","#8ac73c",,"2007.11.15",,,"http://dev.openbossa.org/trac/mamona",,,,,,,,,
"N","BluePoint","#5b62ec",,"1999.12","2001.11.14",,"http://distrowatch.com/table.php?distribution=bluepoint",,,,,,,,,
"N","Yoper","#c63937",,"2003.1.9",,,"http://www.yoper.com/",,,,,,,,,
"N","Pardus","#da9746",,"2005.12.26",,,"http://www.pardus.org.tr/",,,,,,,,,
"N","EnGarde","#a54bdd",,"2001.12",,,"http://www.engardelinux.org/",,,,,,,,,
"N","Beehive","#69c0c7",,"2001.2.19","2003.8.7",,"http://distrowatch.com/table.php?distribution=beehive",,,,,,,,,
"N","4M","#888",,"2010.10.10",,,"http://www.4mlinux.com/",,,,,,,,,
"N","Jarro Negro","#000",,"2006.1.18",,,"http://jarronegrolinux.com/",,,,,,,,,
"N","Leka Rescue Floppy","#e0d3b6",,"2001.4.1","2003.6.1",,"http://web.archive.org/web/20020925025001/http://leka.net/",,,,,,,,,
"N","Project Ballantin","#000",,"1998.11","1999.5.17",,"http://web.archive.org/web/19991005151205/http://www.linuxsupportline.com/~router/",,,,,,,,,
"N","FREESCO","#5588bb","Project Ballantin","1999.5.17",,,"http://www.freesco.org/",,,,,,,,,
,,,,,,,,,,,,,,,,
"N","LinuxConsole","#333333",,"2002.10",,,"http://www.linuxconsole.org/",,,,,,,,,
"N","Sorcerer","#36ce3b",,"2001.10",,,"http://sorcerer.silverice.org/",,,,,,,,,
"N","Lunar","#6257cd","Sorcerer","2002.3",,,"http://www.lunar-linux.org/",,,,,,,,,
"N","Source Mage","#bf3032","Sorcerer","2002.4",,,"http://www.sourcemage.org/",,,,,,,,,
"N","GoboLinux","#6da697",,"2003",,,"http://www.gobolinux.org/",,,,,,,,,
"N","GeeXboX","#5050ff",,"2003.5.16",,,"http://geexbox.org/",,,,,,,,,
"N","eIT easyLinux","#189069",,"1999.2.10","2001.10",,"http://www.linuxjournal.com/node/3830/",,,,,,,,,
"N","Paldo","#2a6096",,"2004.12.9",,,"http://www.paldo.org/",,,,,,,,,
"N","Dragora","#56b04f",,"2009.3.13",,,"http://www.dragora.org/",,,,,,,,,
"N","Qubes OS","#666",,"2010.4.7",,,"http://qubes-os.org/",,,,,,,,,
"N","UHU","#ccc",,"2003.4.18",,,"http://www.uhulinux.hu/",,,,,,,,,
"N","RIP","#2b1bb0",,"2006.5.5",,,"http://www.tux.org/pub/people/kent-robotti/looplinux/rip/",,,,,,,,,
"N","NixOS","#6666dd",,"2004.2.14",,,"http://nixos.org/",,,,,,,,,
,,,,,,,,,,,,,,,,
"N","SliTaz","#000",,"2007.4.1",,,"http://www.slitaz.org/",,,,,,,,,
"N","Tiny SliTaz","#df8f06","SliTaz","2010.6.1",,,"http://pizza.slitaz.org/tiny/",,,,,,,,,
"N","Ophcrack","#8fc442",,"2006.3.24",,,"http://ophcrack.sourceforge.net/",,,,,,,,,
"#N","AtheOS","#bd5121",,"2000.3","2002.9.12",,"http://atheos.syllable.org/index.html",,,,,,,,,
"#N","Syllable","#4488bb","AtheOS","2002.7",,,"http://web.syllable.org/",,,,,,,,,
"N","Syllable Server","#4488bb",,"2007.10",,,"http://web.syllable.org/",,,,,,,,,
"N","Exherbo","#006600",,"2008.5.20",,,"http://exherbo.org/",,,,,,,,,
"N","Hadron","#00aadd",,"2011.5.17",,,"http://hadronproject.org/",,,,,,,,,
"// N","noop","#303030",,"2012.7.20",,,"http://www.nooplinux.org/",,,,,,,,,
"N","OpenELEC","#333333",,"2009.9.6",,,"http://openelec.tv/",,,,,,,,,
"N","Bedrock","#00b070",,"2012.8.3",,,"http://bedrocklinux.org/",,,,,,,,,
,,,,,,,,,,,,,,,,
"N","Ututo","#ba3232",,"2000.10",,,"http://www.ututo.org/","Ututo XS","2005.6","http://www.ututo.org/",,,,,,
"N","Ututo-e","#d30110","Ututo","2004.3",,,"http://www.ututo.org/",,,,,,,,,
"N","Enoch","#a0a0f0",,"1999.12",,,"http://www.gentoo.org/","Gentoo","2002.3.31","http://www.gentoo.org/",,,,,,
"N","Gentoox","#0050ff","Enoch","2003.3",,,"http://gentoox.shallax.com/",,,,,,,,,
"N","Jollix","#ffee55","Enoch","2003.4.17","2004.5.12",,"http://jollix.berlios.de/de/",,,,,,,,,
"N","Navyn OS","#224488","Enoch","2004.6.1","2005.1.1",,"http://distrowatch.com/table.php?distribution=navynos",,,,,,,,,
"N","VidaLinux","#718969","Enoch","2004.10.4",,,"http://www.vidalinux.com/","VLOS","2005.9.9","http://www.vidalinux.com/",,,,,,
"N","Pentoo","#000100","Enoch","2005.2",,,"http://www.pentoo.ch/",,,,,,,,,
"N","epiOS","#2181B0","Enoch","2005.3","2007.10",,"http://linux.wikia.com/wiki/EpiOS",,,,,,,,,
"N","RR4","#e9b689","Enoch","2005.10",,,"http://sabayonlinux.org/","Sabayon","2006.8.16","http://sabayonlinux.org/",,,,,,
"N","Bintoo","#89c8e9","Enoch","2005.12.11","2007.1",,"http://bintoo.sourceforge.net/",,,,,,,,,
"N","Kororaa","#706f7f","Enoch","2005.12.12",,,"http://en.wikipedia.org/wiki/Kororaa",,,,,,,,,
"N","Papug","#0082ff","Enoch","2006.11",,,"http://www.papuglinux.net/",,,,,,,,,
"N","Calculate","#faa61a","Enoch","2007.6.6",,,"http://www.calculate-linux.org/",,,,,,,,,
"N","Toorox","#333333","Enoch","2007.11.28",,,"http://toorox.de/",,,,,,,,,
"N","Funtoo","#333399","Enoch","2008.9",,,"http://www.funtoo.org/",,,,,,,,,
"N","SystemRescueCD","#508fee","Enoch","2008.3.3",,,"http://www.sysresccd.org/",,,,,,,,,
"N","Liberté","#114488","Enoch","2010.5.5",,,"http://dee.su/liberte",,,,,,,,,
"N","AnikOS","#333333","Enoch","2011.5.22",,,"http://www.anikos.org/",,,,,,,,,
"// N","OccupyOS","#000","Enoch","2011.10.23",,,"http://wiki.gitbrew.org/wikibrew/OccupyOS",,,,,,,,,
,,,,,,,,,,,,,,,,
"N","SLS","#9c8ac4",,"1992.6","1994.1",,"http://en.wikipedia.org/wiki/Softlanding_Linux_System",,,,,,,,,
"N","Slackware","#000","SLS","1993.7.16",,"images/slackware.svg","http://www.slackware.com/",,,,,,,,,
"N","MNIS","#516b9e","Slackware","1995.2.1","2004.9",,"http://www.mnis.fr/fr/products/Mnis-Linux/",,,,,,,,,
"N","Burapha","#77f7ff","Slackware","1997.6",,,"http://www.buraphalinux.org/",,"INFO:","http://translate.google.com/translate?hl=en&sl=th&u=http://th.wikipedia.org/wiki/%25E0%25B8%25AB%25E0%25B9%2589%25E0%25B8%25AD%25E0%25B8%2587%25E0%25B8%259B%25E0%25B8%258F%25E0%25B8%25B4%25E0%25B8%259A%25E0%25B8%25B1%25E0%25B8%2595%25E0%25B8%25B4%25E0%25B8%2581%25E0%25B8%25B2%25E0%25B8%25A3%25E0%25B8%25A7%25E0%25B8%25B4%25E0%25B8%2588%25E0%25B8%25B1%25E0%25B8%25A2%25E0%25B8%259A%25E0%25B8%25B9%25E0%25B8%25A3%25E0%25B8%259E%25E0%25B8%25B2%25E0%25B8%25A5%25E0%25B8%25B5%25E0%25B8%2599%25E0%25B8%25B8%25E0%25B8%2581%25E0%25B8%258B%25E0%25B9%258C&ei=huoETvbTE8iRswbhhc22DA&sa=X&oi=translate&ct=result&resnum=1&ved=0CCoQ7gEwAA&prev=/search%3Fq%3D%2522BLCD%2B1.0%2522%26hl%3Den%26safe%3Doff%26prmd%3Divns",,,,,,
"N","Stampede","#866846","Slackware","1997.12.4","2002.3.1",,"http://www.stampede.org/",,,,,,,,,
"N","VectorLinux","#504ca3","Slackware","2000.6.30",,,"http://vectorlinux.com/",,,,,,,,,
"N","Tiny","#444466","Slackware","2000.4.6","2005.8.24",,"http://tiny.seul.org/",,,,,,,,,
"N","Slax","#aadc87","Slackware","2002.5",,,"http://www.slax.org/",,,,,,,,,
"N","DNALinux","#496da7","Slax","2004.2",,,"http://www.dnalinux.com/",,,,,,,,,
"N","Wolvix","#5a5a5a","Slax","2005.8",,,"http://wolvix.org/",,,,,,,,,
"N","SLAMPP","#ff4343","Slax","2005.9.19",,,"http://slampp.abangadek.com/",,,,,,,,,
"N","Gnu-HALO","#3c5c47","Slax","2006.6","2006.12",,"http://halo.willisburg.org/",,,,,,,,,
"N","EvilEntity","#8b179c","Slackware","2002.4.26","2004.12.7",,"http://distrowatch.com/table.php?distribution=evilentity",,,,,,,,,
"N","Topologilinux","#000","Slackware","2002.8.25",,,"http://www.topologilinux.com/",,,,,,,,,
"N","DeLi","#767676","Slackware","2002.11.2",,,"http://www.delilinux.de/","ConnochaetOS","2010.11.13","http://www.connochaetos.org/",,,,,,
"N","DeLi(cate)","#cc8844","DeLi","2011.10.22",,,"http://delicate.tavvva.net/",,,,,,,,,
"N","Stux","#ff0000","Slackware","2003.9.1",,,"http://gpstudio.com/stux/","STUX","2003.11.1","http://gpstudio.com/stux/",,,,,,
"N","Kwort","#135cae","Slackware","2003.10.26",,,"http://kwort.org/",,,,,,,,,
"N","DARKSTAR","#705ca4","Slackware","2004.2","2008.1.6",,"http://www.darkstarlinux.ro/",,,,,,,,,
"N","AUSTRUMI","#d5bc60","Slackware","2004.3",,,"http://cyti.latgola.lv/ruuni/",,,,,,,,,
"N","Minislack","#496da7","Slackware","2004.5.21",,,"http://en.wikipedia.org/wiki/Zenwalk","Zenwalk","2005.8.12","http://www.zenwalk.org/",,,,,,
"N","GoblinX","#e68200","Slackware","2004.7",,,"http://www.goblinx.com.br/","Imagineos","2010.7.1","http://www.imagineos.com.br/",,,,,,
"N","Slack/390","#444444","Slackware","2004.7.6",,,"http://www.slack390.org/",,,,,,,,,
"N","HostGIS","#654321","Slackware","2004.8","2010",,"http://www.hostgis.com/linux/wiki/index.php/Main_Page",,,,,,,,,
"N","Kate","#e48a67","Slackware","2004.10.9","2009.6",,"http://en.wikipedia.org/wiki/KateOS","KateOS","2005.5.6","http://en.wikipedia.org/wiki/KateOS",,,,,,
"N","NimbleX","#ad2028","Slackware","2004.10.20",,,"http://www.nimblex.net/",,,,,,,,,
"N","MOPSLinux","#50c846","Slackware","2004.11",,,"http://www.mopslinux.org/","AgiliaLinux","2010.4.22","http://www.agilialinux.ru/",,,,,,
"N","Frugalware","#676a97","Slackware","2004.11.2",,,"http://frugalware.org/",,,,,,,,,
"N","Slamd64","#5a5050","Slackware","2005.1.19","2009.2.1",,"http://www.slamd64.com/",,,,,,,,,
"N","NetSecL","#334d55","Slackware","2005.5.6",,,"http://netsecl.com/",,,,,,,,,
"N","pQui","#105289","Slackware","2005.7",,,"http://pquilinux.org/",,,,,,,,,
"N","Slackintosh","#6496fa","Slackware","2005.9.29",,,"http://workaround.ch/",,,,,,,,,
"N","Sauver","#b140c3","Slackware","2006.1.1",,,"http://sauveros.com/",,,,,,,,,
"N","Voltalinux","#44dafd","Slackware","2006.6","2008.6",,"http://distrowatch.com/table.php?distribution=voltalinux",,,,,,,,,
"N","How-Tux","#dcd140","Slackware","2006.10","2008.3",,"http://distrowatch.com/table.php?distribution=howtux",,,,,,,,,
"N","Bluewhite64","#2356e6","Slackware","2006.10.4",,,"http://www.bluewhite64.com/",,,,,,,,,
"N","Absolute","#5a4114","Slackware","2006.10.22",,,"http://absolutelinux.org/",,,,,,,,,
"N","Wifislax","#303030","Slackware","2006.12.21",,,"http://www.wifislax.com/",,,,,,,,,
"N","ARMedslack","#000","Slackware","2007.1.18",,,"http://www.armedslack.org/","Slackware ARM","2012.8.25","http://www.armedslack.org/",,,,,,
"N","SL4P","#000","ARMedslack","2012.3.20",,,"http://pandorawiki.org/Software_projects/OS/Slackware",,,,,,,,,
"N","Draco","#bf0000","Slackware","2007.5.17",,,"http://code.google.com/p/dracolinux/",,,,,,,,,
"N","SMS","#6283b9","Slackware","2007.8.10",,,"http://sms.it-ccs.com/","Superb Mini Server","2010.6.11","http://sms.it-ccs.com/",,,,,,
"N","Wifiway","#303030","Slackware","2008.12.3",,,"http://www.wifiway.org/",,,,,,,,,
"N","PLATYPUX","#884411","Slackware","2008.12.29",,,"http://platypux.site.free.fr/",,,,,,,,,
"N","Kongoni","#fec367","Slackware","2009.2",,,"http://www.kongoni.org/",,,,,,,,,
"N","Linvo","#9cc720","Slackware","2009.3.28",,,"http://www.linvo.org/",,,,,,,,,
"N","Lin2Go","#2266cc","Slackware","2009.4",,,"http://lin2go.com/",,,,,,,,,
"N","Salix","#6e9834","Slackware","2009.9.16",,,"http://www.salixos.org/",,,,,,,,,
"N","SlaXBMC","#2d25ce","Slackware","2011.6.1",,,"http://slaxbmc.blogspot.ch/",,,,,,,,,
"// N","Slackel","#ddee22","Slackware","2011.6.16",,,"http://www.slackel.gr/",,,,,,,,,
"N","Porteus","#000099","Slackware","2011.6.20",,,"http://www.porteus.org/",,,,,,,,,
,,,,,,,,,,,,,,,,
"N","S.u.S.E","#438643","Slackware","1994.3",,,"http://en.wikipedia.org/wiki/SUSE_Linux_distributions","SuSE","1998.12","http://www.novell.com/linux/","SUSE","2003.10.24","http://www.novell.com/linux/","openSUSE","2006.12.7","http://www.opensuse.org/"
"N","SLES","#7ac142","S.u.S.E","2000.10.31",,,"http://www.novell.com/products/server/",,,,,,,,,
"N","NLD","#7ac142","S.u.S.E","2004.11.8",,,"http://www.novell.com/linux/products.html","SLED","2006.6","http://www.novell.com/products/desktop/",,,,,,
"N","Astaro","#ebb64c","S.u.S.E","2000.1",,,"http://www.astaro.com/",,,,,,,,,
"N","Caixa Mágica","#50b9e6","S.u.S.E","2000.10",,,"http://www.caixamagica.pt/",,,,,,,,,
"N","Sun JDS","#000","S.u.S.E","2003.11.10","2006.5.30",,"http://en.wikipedia.org/wiki/Java_Desktop_System",,,,,,,,,
"N","Linkat","#fcbe32","S.u.S.E","2006.9.12",,,"http://linkat.xtec.cat/",,,,,,,,,
,"JOPUX","#000","S.u.S.E","2012.3.30",,,"http://jopux.org/",,,,,,,,,
"// N","Anthon",,"S.u.S.E","2012.5.4",,,"http://sourceforge.net/projects/anthon/",,,,,,,,,
"N","Jurix","#9f9f9f",,"1995.2.8","1997",,"http://www.ibiblio.org/pub/historic-linux/distributions/jurix/",,,,,,,,,
,,,,,,,,,,,,,,,,
"N","Alpine","#5f8dd3",,"2006.5.4",,,"http://www.alpinelinux.org/",,,,,,,,,
"N","openmamba","#4db90a",,"2007.6",,,"http://www.openmamba.org/",,,,,,,,,
"N","QiLinux","#ffd133",,"2004.3.19","2007.2.6",,"http://distrowatch.com/table.php?distribution=qilinux",,,,,,,,,
"N","ROCK","#77781b",,"1998.8",,,"http://www.rocklinux.net/",,,,,,,,,
"N","T2","#09345f","ROCK","2004.10.3",,,"http://www.t2-project.org/",,,,,,,,,
"N","Linux From Scratch","#000",,"1999.12",,,"http://www.linuxfromscratch.org/",,,,,,,,,
"N","ZENIX","#009999","Linux From Scratch","2003.2.10","2004.10.24",,"http://distrowatch.com/table.php?distribution=zenix",,,,,,,,,
"N","NuTyX","#ae0001","Linux From Scratch","2007.11.28",,,"http://www.nutyx.org/",,,,,,,,,
"N","KaarPux","#cb4b16","Linux From Scratch","2012.8.6",,,"http://kaarpux.kaarposoft.dk/",,,,,,,,,
,,,,,,,,,,,,,,,,
"N",0,"#10a409",,"2010.3.3",,,"http://0.tuxfamily.org/",,,,,,,,,
"N","tomsrtbt","#000",,"1998.11.6","2002.5.4",,"http://www.toms.net/rb/",,,,,,,,,
"N","dyne:bolic","#f1ca6d",,"2001.6",,,"http://dynebolic.org/",,,,,,,,,
"N","Ark","#545454",,"2001.8",,,"http://web.archive.org/web/20110725013724/http://arklinux.org/",,,,,,,,,
"N","NetStation","#116daa",,"2001.8.28","2003.9",,"http://netstation.sourceforge.net/",,,,,,,,,
"N","Thinstation","#000","NetStation","2003.8.30",,,"http://www.thinstation.org/",,,,,,,,,
"N","LPS","#2757ab","Thinstation","2007.3.21",,,"http://www.spi.dod.mil/lipose.htm",,,,,,,,,
"N","Octoz","#ce6816",,"2004.7","2007.3",,"http://web.archive.org/web/*/http://www.octoz.org","Hedinux","2005.9.26","http://web.archive.org/web/*/http://hedinux.org/",,,,,,
"N","Igelle","#e77918",,"2010.2.22",,,"http://www.igelle.com/",,,,,,,,,
"N","Weaver","#ff9600",,"1997.9","2007.3",,"http://en.wikipedia.org/wiki/Nitix","Nitix","2004.1","http://distrowatch.com/table.php?distribution=nitix",,,,,,
"N","µClinux","#4b78ff",,"1998.1",,,"http://www.uclinux.org/",,,,,,,,,
"N","Coyote","#282896",,"1998.12",,,"http://coyotelinux.com/",,,,,,,,,
"N","BrazilFW","#0076b1",,"2005.10.5",,,"http://www.brazilfw.com.br/",,,,,,,,,
"N","Zeroshell","#0000c0",,"2006.6.25",,,"http://www.zeroshell.net/",,,,,,,,,
"N","PLoP","#c0c0d8",,"2007.12.26",,,"http://www.plop.at/",,,,,,,,,
"N","Natures Linux","#0f0",,"2004.3.30","2007.8.20",,"http://distrowatch.com/table.php?distribution=natures",,,,,,,,,
"N","ELinOS","#0d3b69",,"1999.3",,,"http://www.sysgo.com/products/elinos-embedded-linux/",,,,,,,,,
,,,,,,,,,,,,,,,,
"N","OpenEmbedded","#0bd",,"2003.2",,,"http://www.openembedded.org",,,,,,,,,
"N","Ångström","#9cc32a","OpenEmbedded","2007.12",,,"http://www.angstrom-distribution.org/",,,,,,,,,
"N","KaeilOS","#FF0000",,"2000.1",,,"http://www.kaeilos.com/",,"INFO:","http://en.wikipedia.org/wiki/KaeilOS",,,,,,
,,,,,,,,,,,,,,,,
"N","Peanut","#4ac250",,"1999.12",,,"http://www.alinux.tv/","aLinux","2005.3","http://www.alinux.tv/",,,,,,
"N","CRUX","#4d699b",,"2001.1",,,"http://crux.nu/",,,,,,,,,
"N","Arch","#0771a6",,"2002.3.11",,,"http://www.archlinux.org/",,,,,,,,,
"N","AL-AMLUG","#77aacc","Arch","2003.7.4","2006.5.17",,"http://user-contributions.org/home/","Archie","2005.3.25","http://archie.dotsrc.org/",,,,,,
"N","Chaox","#000","Arch","2008.12","2010.2.18",,"http://blag.chaox.net/",,,,,,,,,
"N","Chakra","#46494D","Arch","2008.12.21",,,"http://chakra-project.org/",,,,,,,,,
"N","LinHES","#92bac4","Arch","2009.1.28",,,"http://linhes.org/",,,,,,,,,
"N","FireFly","#ee2299","Arch","2009.6.2",2010,,"http://distrowatch.com/table.php?distribution=firefly",,,,,,,,,
"N","KahelOS","#e74a47","Arch","2009.7",,,"http://www.kahelos.org/",,,,,,,,,
"N","CTKarchLive","#000","Arch","2009.7.5",,,"http://calimeroteknik.free.fr/ctkarchlive/index-en.html","CTKArch","2011.4.7","http://ctkarch.org/",,,,,,
"N","Arch Linux ARM","#0771a6","Arch","2009.8.9",,,"http://archlinuxarm.org/",,,,,,,,,
"N","ArchBang","#0077bb","Arch","2010.1.26",,,"http://archbang.org/",,,,,,,,,
"#N","Arch Hurd","#00adef","Arch","2010.6.5",,,"http://www.archhurd.org/",,,,,,,,,
"N","Parabola","#000","Arch","2010.11",,,"http://parabolagnulinux.org/",,,,,,,,,
"N","LDR","#800080","Arch","2011.4.13",,,"http://web.archive.org/web/20110717211908/http://www.tommed.co.uk/ldr/",,,,,,,,,
"N","Manjaro","#3fbb3f","Arch","2011.7.9",,,"http://manjarolinux.org/",,,,,,,,,
"N","Bridge","#333333","Arch","2012.1.30",,,"http://millertechnologies.net/",,,,,,,,,
"// N","Nosonja","#336699","Arch","2012.3.1",,,"http://nosonja.org/",,,,,,,,,
"// N","Cinnarch",,"Arch","2012.7.19",,,"http://sourceforge.net/projects/cinnarch/",,,,,,,,,
,,,,,,,,,,,,,,,,
"N","Specifix","#332c55",,"2004.7.14",,,"http://www.specifix.com/","rPath","2005.6.2","http://www.rpath.com/corp/",,,,,,
"N","Foresight","#a3a3a3","Specifix","2005.3",,,"http://www.foresightlinux.org/",,,,,,,,,
"N","Oz","#5da0c6","Specifix","2007","2008",,"http://ubuntuforums.org/showthread.php?t=398478",,,,,,,,,
"N","Openfiler","#5f86ac",,"2004.5",,,"http://www.openfiler.com/",,,,,,,,,
"N","Everest","#005896",,"2006.6.5",,,"www.linux-ren.org","Qomo","2009.5","www.linux-ren.org",,,,,,
,,,,,,,,,,,,,,,,
"N","mkLinux","#35332d",,"1996.5.17","2002.8.11",,"http://www.mklinux.org/",,,,,,,,,
"N","LST","#4e8969",,"1993.12","1997.3.23",,"http://www.dsj.net/compedge/caldera.html",,,,,,,,,
"N","DLD","#9e9e9e",,"1993","1999.12",,"http://de.wikipedia.org/wiki/Deutsche_Linux-Distribution",,,,,,,,,
"N","Linux-FT","#ff0031",,"1995.1","1996.10",,"http://www.ukuug.org/newsletter/linux-newsletter/linux@uk12/ftinfo.shtml",,,,,,,,,
"N","Unifix","#334466",,"1995.6","2001",,"http://www.unifix.de/index.html",,,,,,,,,
,,,,,,,,,,,,,,,,
"N","United Linux","#040404",,"2002.11.19","2004.1.22",,"http://en.wikipedia.org/wiki/United_Linux",,,,,,,,,
,,,,,,,,,,,,,,,,
"N","Red Hat","#cc0000",,"1994.11.3",,,"http://www.redhat.com/","Red Hat Enterprise","2002.3.26","http://www.redhat.com/",,,,,,
"N","WGS Linux Pro","#ff5f00","Red Hat","1995","1997",,"http://www.workgroupsolutions.com/",,,,,,,,,
"N","Caldera","#5ea3db","Red Hat","1996.2","2002.11.19",,"http://en.wikipedia.org/wiki/Caldera_OpenLinux","SCO","2002.8.26","http://www.sco.com/",,,,,,
"N","Redmond","#33812b","Caldera","2001.12.8","2005.6.15",,"http://freshmeat.net/projects/redmondlinux/","Lycoris","2002.1","http://en.wikipedia.org/wiki/Lycoris_%28company%29",,,,,,
"N","LinuxPPC","#4cc931","Red Hat","1997.4","2001",,"http://lists.ozlabs.org/listinfo/linuxppc-dev",,,,,,,,,
"N","UltraPenguin","#000","Red Hat","1997.7","1998.12",,"http://ultra.linux.cz/",,,,,,,,,
"N","Conectiva","#4c3065","Red Hat","1997.10","2005.1.24",,"http://www.mandriva.com.br/",,,,,,,,,
"N","Buhawi","#99ccff","Red Hat","1997.12.21","2004.9.18",,"http://bluepoint.com.ph/buhawi/",,,,,,,,,
"N","PLD","#3f89d0","Red Hat","1998",,,"http://www.pld-linux.org/",,,,,,,,,
"N","Turbolinux","#8c99ce","Red Hat","1998.6",,,"http://www.turbolinux.com/",,,,,,,,,
"N","Mandrake","#3f48c9","Red Hat","1998.7.23",,,"http://www.mandriva.com/","Mandriva","2005.4.8","http://www.mandriva.com/",,,,,,
"N","Demolinux","#3333ff","Mandrake","1998.9","2002.7",,"http://www.demolinux.org/",,,,,,,,,
"N","Virtual","#8c8f96","Mandrake","2001.9.16","2002.5.3",,"http://sourceforge.net/projects/virtual-linux/",,,,,,,,,
"N","ALT","#ebe04a","Mandrake","2001.3.25",,,"http://www.altlinux.com/",,,,,,,,,
"N","PCLinuxOS","#78ca75","Mandrake","2003.10",,,"http://pclinuxos.com/",,,,,,,,,
"N","TinyMe","#0000ff","PCLinuxOS","2006.11",,,"http://tinymelinux.com/",,,,,,,,,
"N","Granular","#ff0032","PCLinuxOS","2006.12.30",,,"http://www.granularlinux.com/",,,,,,,,,
"N","Garuda","#b21200","PCLinuxOS","2011.4.13",,,"http://www.garudaone.com/",,,,,,,,,
"N","Phinx","#004b68","PCLinuxOS","2011.8",,,"http://cozmodesigns.co.uk/phinx/",,,,,,,,,
"N","SAM","#007800","Mandrake","2003.10",,,"http://www.sam-linux.org/","SAMity","2010.6.30","www.samity.org",,,,,,
"N","blackPanther","#000","Mandrake","2003.12",,,"http://www.blackpanther.hu/",,,,,,,,,
"N","OpenSLS","#a6a5c5","Mandrake","2003.12.22","2007.12.30",,"http://annvix.org/","Annvix","2004.8.26","http://annvix.org/",,,,,,
"N","Unity","#77EE00","Mandrake","2009.12.10",,,"http://unity-linux.org/",,,,,,,,,
"N","ChameleonOS","#489F3E","Unity","2010.07.12",,,"http://chameleonos.wordpress.com/",,,,,,,,,
"N","Mageia","#3f48c9","Mandrake","2010.9.18",,,"http://mageia.org/",,,,,,,,,
"N","ROSA","#105289","Mandrake","2011.3.25",,,"http://www.rosalab.ru/",,,,,,,,,
"N","Eurielec","#040404","Red Hat","1998","2001.5.13",,"http://www.eurielec.etsit.upm.es/linux/",,,,,,,,,
"N","Fermi","#00309e","Red Hat","1998.8.31",,,"http://fermilinux.fnal.gov/",,,,,,,,,
"N","KRUD","#00adfb","Red Hat","1999","2005",,"http://www.tummy.com/Products/krud/",,,,,,,,,
"N","e-smith","#d38b8e","Red Hat","1999.1",,,"http://wiki.contribs.org/Main_Page","SME Server","2001.8","http://www.smeserver.org/",,,,,,
"N","Eridani","#2625a4","Red Hat","1999.3","2003.8.5",,"http://www.eridani.co.uk/linux.shtml",,,,,,,,,
"N","Yellow Dog","#baba4c","Red Hat","1999.3.8",,,"http://www.yellowdoglinux.com/",,,,,,,,,
"N","Vine","#323296","Red Hat","1999.3.28",,,"http://www.vinelinux.org/",,,,,,,,,
"N","Red Flag","#e34043","Red Hat","1999.8",,,"http://www.redflag-linux.com/",,,,,,,,,
"N","Armed","#d73ce2","Red Hat","1999.9.5","2002",,"http://lwn.net/1999/0916/a/armed.html",,,,,,,,,
"N","Immunix","#bbd295","Red Hat","1999.10","2003.11.27",,"http://en.wikipedia.org/wiki/Immunix",,,,,,,,,
"N","Kondara","#5d0202","Red Hat","1999.11.11","2002.7.15",,"http://distrowatch.com/table.php?distribution=kondara",,,,,,,,,
"N","Linpus","#afafaf","Red Hat","2000.1.28",,,"http://www.linpus.com/",,,,,,,,,
"N","ELX","#44b6fd","Red Hat","2000.2","2006",,"http://distrowatch.com/table.php?distribution=elx",,,,,,,,,
"N","Trustix","#c4c4c4","Red Hat","2000.3","2007.3.6",,"http://en.wikipedia.org/wiki/Trustix",,,,,,,,,
"N","Finnix","#000","Red Hat","2000.3.22",,,"http://www.finnix.org/",,,,,,,,,
"N","BU","#e30000","Red Hat","2000.5",,,"http://linux.bu.edu/",,,,,,,,,
"N","Miracle","#e34043","Red Hat","2000.8",,,"http://www.miraclelinux.com/",,,,,,,,,
"N","Asianux","#000","Miracle","2004.6",,,"http://www.asianux.com/",,,,,,,,,
"N","Happy","#7ecce0","Red Hat","2000.9","2002.5",,"http://distrowatch.com/table.php?distribution=happy",,,,,,,,,
"N","Pingo","#203e7f","Red Hat","2000.10.1","2007.1.1",,"http://www.pingo.org/",,,,,,,,,
"N","Best","#000","Red Hat","2000.10.24","2004.12.24",,"http://distrowatch.com/table.php?distribution=sot","SOT","2002.4.24","http://distrowatch.com/table.php?distribution=sot","LBA","2004.4.16","http://distrowatch.com/table.php?distribution=sot",,,
"N","Rocks","#1e2e41","Red Hat","2000.11",,,"http://www.rocksclusters.org/",,,,,,,,,
"N","ClarkConnect","#608921","Red Hat","2000.11",,,"http://www.clarkconnect.com/","ClearOS","2009.10.5","http://www.clearfoundation.com/",,,,,,
"N","ASP","#8888dd","Red Hat","2001.3.22","2008.11.26",,"www.asplinux.ru/",,,,,,,,,
"N","Aurora","#ffa51e","Red Hat","2001.11.5","2009.11.8",,"http://auroralinux.org/",,,,,,,,,
"N","SuperRescue","#4ba284","Red Hat","2001.5.1","2003",,"http://www.kernel.org/pub/dist/superrescue/",,,,,,,,,
"N","Independence","#993333","Red Hat","2001.6","2008",,"http://independence.seul.org/",,,,,,,,,
"N","HP Secure","#0d56ce","Red Hat","2001.7.26","2002.10.15",,"http://www.hp.com/security/products/linux/",,,,,,,,,
"N","K12","#5ac8f0","Red Hat","2001.7",,,"http://k12linux.org/",,,,,,,,,
"N","Haydar","#d9a020","Red Hat","2002.1.26","2003.4.6",,"http://www.haydarlinux.com/",,,,,,,,,
"N","Bayanihan","#2a5dd5","Red Hat","2002.6.20",,,"http://www.bayanihan.gov.ph/",,,,,,,,,
"N","Aurox","#6fd96a","Red Hat","2002.11.13","2006.10.30",,"http://www.aurox.org/",,,,,,,,,
"N","BLAG","#000","Red Hat","2002.10.22",,,"http://www.blagblagblag.org/",,,,,,,,,
"N","LinuxInstall","#fdbf44","Red Hat","2003.1.7","2003.7.21",,"http://linuxinstall.org/",,,,,,,,,
"N","Berry","#ffc300","Red Hat","2003.4.13",,,"http://berry.sourceforge.jp/",,,,,,,,,
"N","AnNyung","#4c4c4c","Red Hat","2003.6.14",,,"http://annyung.oops.org/",,,,,,,,,
"N","ATmission","#a6865f","Red Hat","2003.8.23","2005.9.26",,"http://www.atconsultancy.nl/atmission/",,,,,,,,,
"N","Fedora Core","#362e94","Red Hat","2003.11.6",,,"http://fedoraproject.org/","Fedora","2007.5.31","http://fedoraproject.org/",,,,,,
"N","NST","#000","Fedora Core","2003.12",,,"http://www.networksecuritytoolkit.org/",,,,,,,,,
"N","Momonga","#832519","Fedora Core","2004.8.6",,,"http://www.momonga-linux.org/",,,,,,,,,
"N","MythDora","#3399cc","Fedora Core","2005.6",,,"http://mythdora.com/",,,,,,,,,
"N","AsianLinux","#00e3d4","Fedora Core","2005.7.2","2007.4.29",,"http://www.asianlinux.net/",,,,,,,,,
"N","FoX","#f4a651","Fedora Core","2004.10","2006.4",,"http://distrowatch.com/table.php?distribution=fox",,,,,,,,,
"N","Ekaaty","#3f7857","Fedora Core","2006.8.15",,,"http://www.ekaaty.org/",,,,,,,,,
"N","Amahi","#99aa88","Fedora Core","2007",,,"http://www.amahi.org/",,,,,,,,,
"N","Vixta","#82c846","Fedora Core","2007.9.20",,,"http://xange.serdigital.com/","Simplis","2008.6","http://xange.serdigital.com/","Xange","2009.1.7","http://xange.serdigital.com/",,,
"N","Ojuba","#437644","Fedora Core","2008.8.7",,,"http://www.ojuba.org/",,,,,,,,,
"N","Moblin 2","#3366bb","Fedora Core","2008.8.19","2010.5.26",,"http://moblin.org/",,,,,,,,,
"N","MeeGo","#4e2174","Moblin 2","2010.5.26",,,"http://meego.com/",,,,,,,,,
"N","Mer","#002bb8","MeeGo","2011.10.3",,,"http://merproject.org/",,,,,,,,,
"N","Tizen","#555","MeeGo","2012.1.5",,,"http://www.tizen.org/",,,,,,,,,
"N","VortexBox","#d92727","Fedora Core","2008.11.28",,,"http://vortexbox.org/",,,,,,,,,
"N","Hanthana","#3366a9","Fedora Core","2009.11.17",,,"http://www.hanthana.org/",,,,,,,,,
"N","Synergy","#1aa800","Fedora Core","2010.6.15",,,"http://synergy-linux.com/",,,,,,,,,
"N","Fusion","#0060ff","Fedora Core","2010.10.14",,,"http://fusionlinux.org/",,,,,,,,,
"N","Fuduntu","#4aa02c","Fedora Core","2010.11.7",,,"http://sourceforge.net/projects/fuduntu/",,,,,,,,,
"N","Parsidora","#027ac6","Fedora Core","2010.12.28",,,"http://parsidora.org/",,,,,,,,,
"N","Viperr","#1e1e1e","Fedora Core","2011.12.13",,,,,,,,,,,,
"N","PUIAS","#b00","Red Hat","2003.12",,,,,,,,,,,,
"N","CentOS","#6f4376","Red Hat","2003.12.1",,,"http://centos.org/",,,,,,,,,
"N","Asterisk@Home","#599116","CentOS","2004.11.9",,,"http://www.trixbox.org/","trixbox","2006.6","http://www.trixbox.org/",,,,,,
"N","Elastix","#df1f29","CentOS","2006.12.29",,,"http://www.elastix.org/",,,,,,,,,
"N","BlueOnyx","#0e264c","CentOS","2008.12.31",,,"http://www.blueonyx.it/",,,,,,,,,
"N","OpenNode","#004d99","CentOS","2010.2.21",,,"http://opennodecloud.com/",,,,,,,,,
"N","White Box","#737373","Red Hat","2003.12.17","2009.8",,"http://www.whiteboxlinux.org/",,,,,,,,,
"N","Tao","#56c1ff","Red Hat","2004.12.4","2006.6.14",,"http://ftp.riken.go.jp/pub/Linux/tao/tao-1.0-s390x/dist/",,,,,,,,,
"N","BioBrew","#21896c","Red Hat","2004.1.20","2005.2.23",,"http://biobrew.bioinformatics.org/",,,,,,,,,
"N","CERN","#4078c3","Red Hat","2004.4.16",,,"http://linux.web.cern.ch/linux/",,,,,,,,,
"N","Scientific","#191756","Red Hat","2004.5.10",,,"https://www.scientificlinux.org/",,,,,,,,,
"N","StartCom","#000","Red Hat","2004.8.26",,,"http://www.startcom.org/",,,,,,,,,
"N","Oracle Enterprise","#f00","Red Hat","2006.10.25",,,"http://www.oracle.com/us/technologies/linux/index.htm",,,,,,,,,
"N","FrameOS","#000","Red Hat","2010.7.15",,,"http://www.frameos.org/",,,,,,,,,
"N","ServOS","#4b78a7","Red Hat","2011.7",,,"http://www.serv-os.net/",,,,,,,,,
,,,,,,,,,,,,,,,,
"#","Connectors",,,,,,,,,,,,,,,
"#","Leaving 'To When' empty will result in using 'From When' as this value",,,,,,,,,,,,,,,
"#","From When","From","To When","To","Thickness","Color",,,,,,,,,,
"C","1998.6","Debian",,"MNIS","2","#bf1238",,,,,,,,,,
"C","2000.4","Debian",,"Demolinux","2","#bf1238",,,,,,,,,,
"C","2004.6","Debian",,"Hiwix","2","#bf1238",,,,,,,,,,
"C","2004.7","Debian",,"Medialinux","2","#bf1238",,,,,,,,,,
"C","2005.10.23","Debian",,"Finnix","2","#bf1238",,,,,,,,,,
"C","2006.6.21","Debian",,"Danix","2","#bf1238",,,,,,,,,,
"C","2006.4","Debian",,"Bayanihan","2","#bf1238",,,,,,,,,,
"C","2006.5","Debian",,"Symphony OS","2","#bf1238",,,,,,,,,,
"C","2006.7.1","Debian",,"B2D","2","#bf1238",,,,,,,,,,
"C","2006.7.16","Debian",,"Dreamlinux","2","#bf1238",,,,,,,,,,
"C","2007.12.3","Debian",,"MEPIS","2","#bf1238",,,,,,,,,,
"C","2008.2","Debian",,"Lihuen","2","#bf1238",,,,,,,,,,
"C","2009.2.11","Debian",,"Auditor Security Linux","2","#bf1238",,,,,,,,,,
"C","2009.3.25","Debian",,"Musix","2","#bf1238",,,,,,,,,,
"C","2009.5.8","Debian",,"A/V","2","#bf1238",,,,,,,,,,
"C","2010.3.19","Debian",,"CrunchBang","2","#bf1238",,,,,,,,,,
"C","2010.6","Debian",,"Eeebuntu","2","#bf1238",,,,,,,,,,
"C","2010.10.10","Debian",,"Joatha","2","#bf1238",,,,,,,,,,
"C","2011.5.24","Debian",,"Zenix OS","2","#bf1238",,,,,,,,,,
"C","2012.8.15","Debian",,"Airinux","2","#bf1238",,,,,,,,,,
,,,,,,,,,,,,,,,,
"C","2005.6.17","Ubuntu",,"MoLinux","2","#675a3b",,,,,,,,,,
"C","2006.2.8","Ubuntu",,"Guadalinex","2","#675a3b",,,,,,,,,,
"C","2006.7.21","Ubuntu",,"MEPIS","2","#675a3b",,,,,,,,,,
"C","2006.8","Ubuntu",,"Hiwix","2","#675a3b",,,,,,,,,,
"C","2006.11","Ubuntu",,"Medialinux","2","#675a3b",,,,,,,,,,
"C","2007.3","Ubuntu",,"MAX","2","#675a3b",,,,,,,,,,
"C","2007.4","Ubuntu",,"Lindows","2","#675a3b",,,,,,,,,,
"C","2007.12","Ubuntu",,"LliureX","2","#675a3b",,,,,,,,,,
"C","2008.1","Ubuntu",,"Symphony OS","2","#675a3b",,,,,,,,,,
"C","2008.6.24","Ubuntu",,"Kurumin","2","#675a3b",,,,,,,,,,
"C","2008.7.24","Ubuntu",,"Trisquel","2","#675a3b",,,,,,,,,,
"C","2009.12","Ubuntu",,"Hiwix","2","#675a3b",,,,,,,,,,
"C","2010.1.9","Ubuntu",,"Auditor Security Linux","2","#675a3b",,,,,,,,,,
"C","2010.11.8","Ubuntu",,"Nova","2","#675a3b",,,,,,,,,,
"C","2011.6.3","Ubuntu",,"Caixa Mágica","2","#675a3b",,,,,,,,,,
"C","2012.7.3","Ubuntu",,"Amahi","2","#675a3b",,,,,,,,,,
,,,,,,,,,,,,,,,,
"C","2010.11.9","Lubuntu",,"DEFT","2","#0169c9",,,,,,,,,,
"C","2010.7.9","Kubuntu",,"Netrunner","2","#4f5695",,,,,,,,,,
,,,,,,,,,,,,,,,,
"C","2010.5.26","OS2005",,"MeeGo","4","#fa8700",,,,,,,,,,
,,,,,,,,,,,,,,,,
"C","2010.5.5","Puppy",,"Quirky","2","#dec374",,,,,,,,,,
"C","2008.4.30","SliTaz",,"Ophcrack","2","#000",,,,,,,,,,
,,,,,,,,,,,,,,,,
"C","2008.8.2","Lindows",,"Corel","2","#3b806e",,,,,,,,,,
"C","2006.2.5","Whoppix",,"Auditor Security Linux","3","#445fff",,,,,,,,,,
"C","2005.7.3","Slackware",,"Whoppix","2","#000",,,,,,,,,,
,,,,,,,,,,,,,,,,
"C","2002.3","Enoch",,"Ututo","2","#a0a0f0",,,,,,,,,,
"C","2008.5.20","Enoch",,"Exherbo","1","#a0a0f0",,,,,,,,,,
"C","2010.6","Enoch",,"Chromium OS","2","#a0a0f0",,,,,,,,,,
,,,,,,,,,,,,,,,,
"C","1999.12","Stampede",,"Enoch","1","#866846",,,,,,,,,,
"C","2007.8","Slackware",,"Wolvix","2","#000",,,,,,,,,,
"C","2009.7.27","Minislack",,"SLAMPP","2","#496da7",,,,,,,,,,
,,,,,,,,,,,,,,,,
"C","1996.5","Jurix",,"S.u.S.E","4","#9f9f9f",,,,,,,,,,
"C","2010.8.23","S.u.S.E",,"NetSecL","2","#438643",,,,,,,,,,
,,,,,,,,,,,,,,,,
"C","2002.3.11","CRUX",,"Arch","1","#4d699b",,,,,,,,,,
"C","2005.11.23","Arch",,"Underground Desktop","2","#0771a6",,,,,,,,,,
"C","2008.5.28","Arch",,"DeLi","1","#0771a6",,,,,,,,,,
"C","2011.8.13","Arch",,"DeLi","2","#0771a6",,,,,,,,,,
"C","2012.2.13","Arch",,"Liquid Lemur","2","#0771a6",,,,,,,,,,
,,,,,,,,,,,,,,,,
"C","2002.11.19","S.u.S.E",,"United Linux","2","#438643",,,,,,,,,,
"C","2002.11.19","Caldera",,"United Linux","2","#5ea3db",,,,,,,,,,
"C","2002.11.29","Turbolinux",,"United Linux","2","#8c99ce",,,,,,,,,,
"C","2002.11.9","Conectiva",,"United Linux","2","#4c3065",,,,,,,,,,
,,,,,,,,,,,,,,,,
"C","2007.2.6","QiLinux","2007.6","openmamba","2","#ffd133",,,,,,,,,,
"C","2007.11","Linux From Scratch",,"IPFire","2","#000",,,,,,,,,,
"C","2007.11.28","CRUX",,"NuTyX","1","#4d699b",,,,,,,,,,
"C","2009.10","CRUX",,"Kwort","2","#4d699b",,,,,,,,,,
"C","2004.5.10","Scientific",,"Fermi","2","#191756",,,,,,,,,,
"C","2009.1","OpenEmbedded",,"KaeilOS","2","#0bd",,,,,,,,,,
,,,,,,,,,,,,,,,,
"C","1997.3.23","LST",,"Caldera","2","#4e8969",,,,,,,,,,
"C","1996.10","Linux-FT",,"Caldera","2","#ff0031",,,,,,,,,,
"C","1999.12","DLD",,"Red Hat","2","#9e9e9e",,,,,,,,,,
"C","1996.5","Red Hat",,"S.u.S.E","2","#cc0000",,,,,,,,,,
"C","1998.4","Red Hat",,"mkLinux","2","#cc0000",,,,,,,,,,
"C","2004.7.14","Red Hat",,"Specifix","1","#cc0000",,,,,,,,,,
,,,,,,,,,,,,,,,,
"C","2007.12.1","Mandrake",,"Caixa Mágica","2","#3f48c9",,,,,,,,,,
"C","2005.6.15","Redmond",,"Mandrake","2","#33812b",,,,,,,,,,
"C","2005.1.24","Conectiva",,"Mandrake","2","#4c3065",,,,,,,,,,
,,,,,,,,,,,,,,,,
"C","2006.7","PCLinuxOS",,"SAM","2","#78ca75",,,,,,,,,,
"C","2009.11.8","Aurora",,"Fedora Core","2","#ffa51e",,,,,,,,,,
,,,,,,,,,,,,,,,,
"C","2003.11.6","Fedora Core",,"ASP","2","#362e94",,,,,,,,,,
"C","2003.11.7","Fedora Core",,"Berry","2","#362e94",,,,,,,,,,
"C","2004","Fedora Core",,"Aurox","2","#362e94",,,,,,,,,,
"C","2004.1.12","Fedora Core",,"Linpus","2","#362e94",,,,,,,,,,
"C","2004.3.4","Fedora Core",,"Bayanihan","2","#362e94",,,,,,,,,,
"C","2004.4","Fedora Core",,"BLAG","2","#362e94",,,,,,,,,,
"C","2004.7.14","Fedora Core",,"BU","2","#362e94",,,,,,,,,,
"C","2004.9.26","Fedora Core",,"Pingo","2","#362e95",,,,,,,,,,
"C","2004.12","Fedora Core",,"AnNyung","2","#362e94",,,,,,,,,,
"C","2004.11.8","Fedora Core",,"Trustix","2","#362e94",,,,,,,,,,
"C","2005.9.26","Fedora Core",,"ATmission","2","#362e94",,,,,,,,,,
"C","2008.8.19","Fedora Core",,"Moblin","2","#362e94",,,,,,,,,,
"C","2009","Fedora Core",,"Red Flag","2","#362e94",,,,,,,,,,
"C","2010.5.26","Fedora Core",,"MeeGo","2","#362e94",,,,,,,,,,
"C","2010.12.23","Fedora Core",,"Kororaa","2","#362e94",,,,,,,,,,
,,,,,,,,,,,,,,,,
"C","2004.6","Red Flag",,"Asianux","4","#e34043",,,,,,,,,,
"C","2006.6.14","Tao",,"CentOS","2","#56c1ff",,,,,,,,,,
"C","2004.12.19","CentOS",,"Openfiler","2","#6f4376",,,,,,,,,,
"C","2006.9.29","Specifix",,"Openfiler","2","#332c55",,,,,,,,,,
"C","2005.6","CentOS",,"ClarkConnect","2","#6f4376",,,,,,,,,,
"C","2005.6","CentOS",,"Rocks","2","#6f4376",,,,,,,,,,
"C","2005.8.20","CentOS",,"e-smith","2","#6f4376",,,,,,,,,,
,,,,,,,,,,,,,,,,
"#","Domains",,,,,,,,,,,,,,,
"#","Distribution","Color","Intensity",,,,,,,,,,,,,
"D","Debian","#bf1238","6",,,,,,,,,,,,,
"D","Slackware","#d3d7cf","22",,,,,,,,,,,,,
"D","Red Hat","#cc0000","6",,,,,,,,,,,,,
,,,,,,,,,,,,,,,,
"#","Images",,,,,,,,,,,,,,,
"#","File Path","x Position","y Position",,,,,,,,,,,,,
"SVG","images/tux.svg","480","0",,,,,,,,,,,,,
"SVG","images/gnu.svg","530","100",,,,,,,,,,,,,
"SVG","images/info-connectors.svg","30","200",,,,,,,,,,,,,
